{
  "id": "fira-code",
  "family": "Fira Code",
  "subsets": [
    "cyrillic",
    "cyrillic-ext",
    "greek",
    "greek-ext",
    "latin",
    "latin-ext"
  ],
  "weights": [300, 400, 500, 600, 700],
  "styles": ["normal"],
  "defSubset": "latin",
  "variable": {
    "wght": {"default": "400", "min": "300", "max": "700", "step": "1"}
  },
  "lastModified": "2022-09-22",
  "version": "v21",
  "category": "monospace",
  "license": {
    "type": "OFL-1.1",
    "url": "http://scripts.sil.org/OFL",
    "attribution": "Copyright 2014-2020 The Fira Code Project Authors (https://github.com/tonsky/FiraCode)"
  },
  "source": "https://github.com/google/fonts",
  "type": "google"
}