{
  "id": "lora",
  "family": "Lora",
  "subsets": ["cyrillic", "cyrillic-ext", "latin", "latin-ext", "vietnamese"],
  "weights": [400, 500, 600, 700],
  "styles": ["italic", "normal"],
  "defSubset": "latin",
  "variable": {
    "ital": {"default": "0", "min": "0", "max": "1", "step": "1"},
    "wght": {"default": "400", "min": "400", "max": "700", "step": "1"}
  },
  "lastModified": "2023-02-22",
  "version": "v32",
  "category": "serif",
  "license": {
    "type": "OFL-1.1",
    "url": "http://scripts.sil.org/OFL",
    "attribution": "Copyright 2011 The Lora Project Authors (https://github.com/cyrealtype/Lora-Cyrillic), with Reserved Font Name \"Lora\"."
  },
  "source": "https://github.com/google/fonts",
  "type": "google"
}